1Z9J | BRAVIA XR | MASTER Series| Full Array LED | 8K | Dải tần nhạy sáng cao (HDR) | Smart TV (Google TV),https://www.sony.com.vn/electronics/tivi/z9j-series,LED,8K,Google TV,"Các vùng đèn LED sáng hoặc tối một cách độc lập cho chi tiết vùng sáng và tối chân thực&&&Cognitive Processor XR™ hiểu rõ hoạt động nghe, nhìn của con người để tạo nên cảm giác đắm chìm thực sự&&&Âm thanh ăn khớp với hình ảnh mang đến trải nghiệm xem đắm chìm&&&Chân đế có nhiều cách bố trí để đặt TV linh hoạt",https://www.sony.com.vn/image/ded064d5e0d54aa1db7666326421fec1?fmt=pjpeg&amp;wid=660&amp;hei=660&amp;bgcolor=F1F5F9&amp;bgc=F1F5F9&&&https://www.sony.com.vn/image/ded064d5e0d54aa1db7666326421fec1?fmt=pjpeg&amp;wid=660&amp;hei=660&amp;bgcolor=F1F5F9&amp;bgc=F1F5F9&&&https://www.sony.com.vn/image/ded064d5e0d54aa1db7666326421fec1?fmt=pjpeg&amp;wid=660&amp;hei=660&amp;bgcolor=F1F5F9&amp;bgc=F1F5F9,85” (215 cm),50000000,50000000,20
1A90J | BRAVIA XR | MASTER Series| OLED | 4K Ultra HD | Dải tần nhạy sáng cao (HDR) | Smart TV (Google TV),https://www.sony.com.vn/electronics/tivi/a90j-series,OLED,4K,Google TV,"OLED mang đến màu đen, độ tương phản và màu sắc tuyệt mỹ vô song&&&Cognitive Processor XR™ hiểu rõ hoạt động nghe, nhìn của con người để tạo nên cảm giác đắm chìm thực sự&&&Loa màn hình với Processor XR biến mọi âm thanh trở nên sống động&&&Chân đế có nhiều cách bố trí để đặt TV linh hoạt",https://www.sony.com.vn/image/928a63074f995fb9b8cf02dc991d8e15?fmt=pjpeg&amp;wid=660&amp;hei=660&amp;bgcolor=F1F5F9&amp;bgc=F1F5F9&&&https://www.sony.com.vn/image/928a63074f995fb9b8cf02dc991d8e15?fmt=pjpeg&amp;wid=660&amp;hei=660&amp;bgcolor=F1F5F9&amp;bgc=F1F5F9&&&https://www.sony.com.vn/image/928a63074f995fb9b8cf02dc991d8e15?fmt=pjpeg&amp;wid=660&amp;hei=660&amp;bgcolor=F1F5F9&amp;bgc=F1F5F9,55” (139 cm)&&&65” (164 cm),54900000&&&79900000,54900000&&&79900000,20&&&20
1A80J | BRAVIA XR | OLED | 4K Ultra HD | Dải tần nhạy sáng cao (HDR) | Smart TV (Google TV),https://www.sony.com.vn/electronics/tivi/a80j-series,OLED,4K,Google TV,"OLED mang đến màu đen, độ tương phản và màu sắc tuyệt mỹ vô song&&&Cognitive Processor XR™ hiểu rõ hoạt động nghe, nhìn của con người để tạo nên cảm giác đắm chìm thực sự&&&Loa màn hình với Processor XR biến mọi âm thanh trở nên sống động&&&Chân đế có nhiều cách bố trí để đặt TV linh hoạt",https://www.sony.com.vn/image/3044d380074338d5cebafbc767872c3a?fmt=pjpeg&amp;wid=660&amp;hei=660&amp;bgcolor=F1F5F9&amp;bgc=F1F5F9&&&https://www.sony.com.vn/image/3044d380074338d5cebafbc767872c3a?fmt=pjpeg&amp;wid=660&amp;hei=660&amp;bgcolor=F1F5F9&amp;bgc=F1F5F9&&&https://www.sony.com.vn/image/3044d380074338d5cebafbc767872c3a?fmt=pjpeg&amp;wid=660&amp;hei=660&amp;bgcolor=F1F5F9&amp;bgc=F1F5F9,55” (139 cm)&&&65” (164 cm)&&&77” (195 cm),44900000&&&64900000&&&99900000,44900000&&&64900000&&&99900000,20&&&20&&&20
1X95J | BRAVIA XR | Full Array LED | 4K Ultra HD | Dải tần nhạy sáng cao (HDR) | Smart TV (Google TV),https://www.sony.com.vn/electronics/tivi/x95j-series,LED,4K,Google TV,"Các vùng đèn LED sáng hoặc tối một cách độc lập cho chi tiết vùng sáng và tối chân thực&&&Cognitive Processor XR™ hiểu rõ hoạt động nghe, nhìn của con người để tạo nên cảm giác đắm chìm thực sự&&&Loa tweeter định vị âm thanh biến mọi âm thanh trở nên sống động&&&Thiết kế Tràn cạnh giúp bạn tập trung vào hình ảnh",https://www.sony.com.vn/image/79f8e14a8cbf19eb2eae7065820c8855?fmt=pjpeg&amp;wid=660&amp;hei=660&amp;bgcolor=F1F5F9&amp;bgc=F1F5F9&&&https://www.sony.com.vn/image/79f8e14a8cbf19eb2eae7065820c8855?fmt=pjpeg&amp;wid=660&amp;hei=660&amp;bgcolor=F1F5F9&amp;bgc=F1F5F9&&&https://www.sony.com.vn/image/79f8e14a8cbf19eb2eae7065820c8855?fmt=pjpeg&amp;wid=660&amp;hei=660&amp;bgcolor=F1F5F9&amp;bgc=F1F5F9,65” (164 cm)&&&85” (215 cm),50000000&&&50000000,50000000&&&50000000,20&&&20
1X90J | BRAVIA XR | Full Array LED | 4K Ultra HD | Dải tần nhạy sáng cao (HDR) | Smart TV (Google TV),https://www.sony.com.vn/electronics/tivi/x90j-series,LED,4K,Google TV,"Các vùng đèn LED sáng hoặc tối một cách độc lập cho chi tiết vùng sáng và tối chân thực&&&Cognitive Processor XR™ hiểu rõ hoạt động nghe, nhìn của con người để tạo nên cảm giác đắm chìm thực sự&&&Loa tweeter định vị âm thanh biến mọi âm thanh trở nên sống động&&&Thiết kế tối giản với viền mỏng để ít gây xao lãng",https://www.sony.com.vn/image/02a476ca1ffbb969f3de763539eb16d3?fmt=pjpeg&amp;wid=660&amp;hei=660&amp;bgcolor=F1F5F9&amp;bgc=F1F5F9&&&https://www.sony.com.vn/image/02a476ca1ffbb969f3de763539eb16d3?fmt=pjpeg&amp;wid=660&amp;hei=660&amp;bgcolor=F1F5F9&amp;bgc=F1F5F9&&&https://www.sony.com.vn/image/02a476ca1ffbb969f3de763539eb16d3?fmt=pjpeg&amp;wid=660&amp;hei=660&amp;bgcolor=F1F5F9&amp;bgc=F1F5F9,50” (126 cm)&&&55” (139 cm)&&&65” (164 cm)&&&75” (189 cm),26400000&&&27900000&&&34900000&&&54900000,26400000&&&27900000&&&34900000&&&54900000,20&&&20&&&20&&&20
1Z8H | Full Array LED | 8K | Dải tần nhạy sáng cao (HDR) | Smart TV (TV Android),https://www.sony.com.vn/electronics/tivi/z8h-series,LED,8K,Android TV,Các vùng đèn LED sáng hoặc tối một cách độc lập cho chi tiết vùng sáng và tối chân thực&&&Bộ xử lý hình ảnh X1™ Ultimate cho độ chân thực vô song&&&Đưa hình đạt gần đến chất lượng 8K bằng 8K X-Reality™ PRO&&&Âm thanh ăn khớp với hình ảnh mang đến trải nghiệm xem đắm chìm,https://www.sony.com.vn/image/7bedba2f19ee9130c0997a90cc2b976c?fmt=pjpeg&amp;wid=660&amp;hei=660&amp;bgcolor=F1F5F9&amp;bgc=F1F5F9&&&https://www.sony.com.vn/image/7bedba2f19ee9130c0997a90cc2b976c?fmt=pjpeg&amp;wid=660&amp;hei=660&amp;bgcolor=F1F5F9&amp;bgc=F1F5F9&&&https://www.sony.com.vn/image/7bedba2f19ee9130c0997a90cc2b976c?fmt=pjpeg&amp;wid=660&amp;hei=660&amp;bgcolor=F1F5F9&amp;bgc=F1F5F9,85” (215 cm),199900000,199900000,20
1A9G | MASTER Series | OLED | 4K Ultra HD | HDR | Smart TV (TV Android),https://www.sony.com.vn/electronics/tivi/a9g-series,OLED,4K,Android TV,"OLED mang đến màu đen, độ tương phản và màu sắc tuyệt mỹ vô song&&&Bộ xử lý hình ảnh X1™ Ultimate cho độ chân thực vô song&&&Âm thanh đa chiều từ màn hình với Acoustic Surface Audio+™&&&Tìm chương trình giải trí bằng giọng nói với Android TV™",https://www.sony.com.vn/image/d87e7af53de9581186e184bd55570697?fmt=pjpeg&amp;wid=660&amp;hei=660&amp;bgcolor=F1F5F9&amp;bgc=F1F5F9&&&https://www.sony.com.vn/image/d87e7af53de9581186e184bd55570697?fmt=pjpeg&amp;wid=660&amp;hei=660&amp;bgcolor=F1F5F9&amp;bgc=F1F5F9&&&https://www.sony.com.vn/image/d87e7af53de9581186e184bd55570697?fmt=pjpeg&amp;wid=660&amp;hei=660&amp;bgcolor=F1F5F9&amp;bgc=F1F5F9,55” (139 cm)&&&65” (164 cm)&&&77” (195 cm),45900000&&&65900000&&&99900000,45900000&&&65900000&&&99900000,20&&&20&&&20
1A9F | MASTER Series | OLED | 4K Ultra HD | HDR | Smart TV (TV Android),https://www.sony.com.vn/electronics/tivi/a9f-series,OLED,4K,Android TV,"OLED mang đến màu đen, độ tương phản và màu sắc tuyệt mỹ vô song&&&Pixel Contrast Booster™ tối ưu hóa màu sắc để mang lại độ tương phản vượt trội&&&Bộ xử lý hình ảnh X1™ Ultimate cho độ chân thực vô song&&&Công nghệ Acoustic Surface Audio+™ cho trải nghiệm âm thanh đa chiều",https://www.sony.com.vn/image/7318b1f4dc331b04ecfd0fd04a32b67c?fmt=pjpeg&amp;wid=660&amp;hei=660&amp;bgcolor=F1F5F9&amp;bgc=F1F5F9&&&https://www.sony.com.vn/image/7318b1f4dc331b04ecfd0fd04a32b67c?fmt=pjpeg&amp;wid=660&amp;hei=660&amp;bgcolor=F1F5F9&amp;bgc=F1F5F9&&&https://www.sony.com.vn/image/7318b1f4dc331b04ecfd0fd04a32b67c?fmt=pjpeg&amp;wid=660&amp;hei=660&amp;bgcolor=F1F5F9&amp;bgc=F1F5F9,65” (164 cm),84900000,84900000,20
1Z9F | MASTER Series | LED nền (Full Array LED) | 4K Ultra HD | HDR | Smart TV (TV Android),https://www.sony.com.vn/electronics/tivi/z9f-series,LED,4K,Android TV,Bộ xử lý hình ảnh X1™ Ultimate cho độ chân thực vô song&&&Góc rộng X-Wide Angle đảm bảo hình ảnh đẹp từ mọi phía&&&Độ tương phản tuyệt vời với X-tended Dynamic Range PRO&&&Những pha hành động nhanh luôn mượt mà và rõ nét với X-Motion Clarity,https://www.sony.com.vn/image/89859153b1890264f9a42c1b5aa4472a?fmt=pjpeg&amp;wid=660&amp;hei=660&amp;bgcolor=F1F5F9&amp;bgc=F1F5F9&&&https://www.sony.com.vn/image/89859153b1890264f9a42c1b5aa4472a?fmt=pjpeg&amp;wid=660&amp;hei=660&amp;bgcolor=F1F5F9&amp;bgc=F1F5F9&&&https://www.sony.com.vn/image/89859153b1890264f9a42c1b5aa4472a?fmt=pjpeg&amp;wid=660&amp;hei=660&amp;bgcolor=F1F5F9&amp;bgc=F1F5F9,75” (189 cm),74900000,74900000,20
1A9S | MASTER Series | OLED | 4K Ultra HD | HDR | Smart TV (TV Android),https://www.sony.com.vn/electronics/tivi/a9s-series,OLED,4K,Android TV,"Chất lượng OLED của Sony hội tụ trong thiết kế có kích cỡ màn hình 48 inch nhỏ gọn&&&OLED mang đến màu đen, độ tương phản và màu sắc tuyệt mỹ vô song&&&Bộ xử lý hình ảnh X1™ Ultimate cho độ chân thực vô song&&&Âm thanh ăn khớp với hình ảnh mang đến trải nghiệm xem đắm chìm",https://www.sony.com.vn/image/4443c62f0da678f768c11b44a3f045fc?fmt=pjpeg&amp;wid=660&amp;hei=660&amp;bgcolor=F1F5F9&amp;bgc=F1F5F9&&&https://www.sony.com.vn/image/4443c62f0da678f768c11b44a3f045fc?fmt=pjpeg&amp;wid=660&amp;hei=660&amp;bgcolor=F1F5F9&amp;bgc=F1F5F9&&&https://www.sony.com.vn/image/4443c62f0da678f768c11b44a3f045fc?fmt=pjpeg&amp;wid=660&amp;hei=660&amp;bgcolor=F1F5F9&amp;bgc=F1F5F9,48” (121 cm),39900000,39900000,20
1A8H | OLED | 4K Ultra HD | HDR | Smart TV (TV Android),https://www.sony.com.vn/electronics/tivi/a8h-series,OLED,4K,Android TV,"OLED mang đến màu đen, độ tương phản và màu sắc tuyệt mỹ vô song&&&Bộ xử lý hình ảnh X1™ Ultimate cho độ chân thực vô song&&&Nâng cấp bất kỳ nội dung nào lên chất lượng 4K bằng 4K X-Reality™ PRO&&&Âm thanh ăn khớp với hình ảnh mang đến trải nghiệm xem đắm chìm",https://www.sony.com.vn/image/9b063b9c088d78ccbb4ce94ec4f82139?fmt=pjpeg&amp;wid=660&amp;hei=660&amp;bgcolor=F1F5F9&amp;bgc=F1F5F9&&&https://www.sony.com.vn/image/9b063b9c088d78ccbb4ce94ec4f82139?fmt=pjpeg&amp;wid=660&amp;hei=660&amp;bgcolor=F1F5F9&amp;bgc=F1F5F9&&&https://www.sony.com.vn/image/9b063b9c088d78ccbb4ce94ec4f82139?fmt=pjpeg&amp;wid=660&amp;hei=660&amp;bgcolor=F1F5F9&amp;bgc=F1F5F9,55” (139 cm)&&&65” (164 cm),40900000&&&59900000,40900000&&&59900000,20&&&20
1A8G | OLED | 4K Ultra HD | HDR | Smart TV (TV Android),https://www.sony.com.vn/electronics/tivi/a8g-series,OLED,4K,Android TV,"OLED mang đến màu đen, độ tương phản và màu sắc tuyệt mỹ vô song&&&Bộ xử lý 4K HDR Processor X1™ Extreme cho độ chân thực ưu việt&&&Khám phá trải nghiệm TV theo cách thức mới với công nghệ Acoustic Surface Audio™&&&Tìm chương trình giải trí bằng giọng nói với Android TV™",https://www.sony.com.vn/image/bc620636d89ba27a1e8ec9fda59cd66a?fmt=pjpeg&amp;wid=660&amp;hei=660&amp;bgcolor=F1F5F9&amp;bgc=F1F5F9&&&https://www.sony.com.vn/image/bc620636d89ba27a1e8ec9fda59cd66a?fmt=pjpeg&amp;wid=660&amp;hei=660&amp;bgcolor=F1F5F9&amp;bgc=F1F5F9&&&https://www.sony.com.vn/image/bc620636d89ba27a1e8ec9fda59cd66a?fmt=pjpeg&amp;wid=660&amp;hei=660&amp;bgcolor=F1F5F9&amp;bgc=F1F5F9,55” (139 cm)&&&65” (164 cm),40900000&&&60900000,40900000&&&60900000,20&&&20
1A8F | OLED | 4K Ultra HD | HDR | Smart TV (TV Android),https://www.sony.com.vn/electronics/tivi/a8f-series,OLED,4K,Android TV,"OLED mang đến màu đen, độ tương phản và màu sắc tuyệt mỹ vô song&&&Bộ xử lý 4K HDR X1 Extreme cho độ chân thực tối ưu&&&Trải nghiệm TV theo cách thức mới với công nghệ Acoustic Surface™&&&Tìm chương trình giải trí bằng giọng nói với Android TV™",https://www.sony.com.vn/image/cc6df448e74241ae228061c6ed3bf182?fmt=pjpeg&amp;wid=660&amp;hei=660&amp;bgcolor=F1F5F9&amp;bgc=F1F5F9&&&https://www.sony.com.vn/image/cc6df448e74241ae228061c6ed3bf182?fmt=pjpeg&amp;wid=660&amp;hei=660&amp;bgcolor=F1F5F9&amp;bgc=F1F5F9&&&https://www.sony.com.vn/image/cc6df448e74241ae228061c6ed3bf182?fmt=pjpeg&amp;wid=660&amp;hei=660&amp;bgcolor=F1F5F9&amp;bgc=F1F5F9,55” (139 cm),44900000,44900000,20
1X95H | Full Array LED | 4K Ultra HD | Dải tần nhạy sáng cao (HDR) | Smart TV (TV Android),https://www.sony.com.vn/electronics/tivi/x95h-series,LED,4K,Android TV,Các vùng đèn LED sáng hoặc tối một cách độc lập cho chi tiết vùng sáng và tối chân thực&&&Bộ xử lý hình ảnh X1™ Ultimate cho độ chân thực vô song&&&Nâng cấp bất kỳ nội dung nào lên chất lượng 4K bằng 4K X-Reality™ PRO&&&Âm thanh ăn khớp với hình ảnh mang đến trải nghiệm xem đắm chìm,https://www.sony.com.vn/image/1b9c1142dd1d9bcf91ec4fd11af015da?fmt=pjpeg&amp;wid=660&amp;hei=660&amp;bgcolor=F1F5F9&amp;bgc=F1F5F9&&&https://www.sony.com.vn/image/1b9c1142dd1d9bcf91ec4fd11af015da?fmt=pjpeg&amp;wid=660&amp;hei=660&amp;bgcolor=F1F5F9&amp;bgc=F1F5F9&&&https://www.sony.com.vn/image/1b9c1142dd1d9bcf91ec4fd11af015da?fmt=pjpeg&amp;wid=660&amp;hei=660&amp;bgcolor=F1F5F9&amp;bgc=F1F5F9,49” (123 cm)&&&55” (139 cm)&&&65” (164 cm),24900000&&&24900000&&&32900000,24900000&&&24900000&&&32900000,20&&&20&&&20
1X95G | LED nền (Full Array LED) | 4K Ultra HD | HDR | Smart TV (TV Android),https://www.sony.com.vn/electronics/tivi/x9500g-x9507g-series,LED,4K,Android TV,Bộ xử lý hình ảnh X1™ Ultimate cho độ chân thực vô song&&&Acoustic Multi-Audio™ cho trải nghiệm xem bao trùm&&&Góc rộng X-Wide Angle đảm bảo hình ảnh đẹp từ mọi phía&&&Tìm chương trình giải trí bằng giọng nói với Android TV™,https://www.sony.com.vn/image/0d3b7fda823305ae524bac72fcb4b5cb?fmt=pjpeg&amp;wid=660&amp;hei=660&amp;bgcolor=F1F5F9&amp;bgc=F1F5F9&&&https://www.sony.com.vn/image/0d3b7fda823305ae524bac72fcb4b5cb?fmt=pjpeg&amp;wid=660&amp;hei=660&amp;bgcolor=F1F5F9&amp;bgc=F1F5F9&&&https://www.sony.com.vn/image/0d3b7fda823305ae524bac72fcb4b5cb?fmt=pjpeg&amp;wid=660&amp;hei=660&amp;bgcolor=F1F5F9&amp;bgc=F1F5F9,55” (139 cm)&&&85” (215 cm),26900000&&&64900000,26900000&&&64900000,20&&&20
1X90H | Full Array LED | 4K Ultra HD | Dải tần nhạy sáng cao (HDR) | Smart TV (TV Android),https://www.sony.com.vn/electronics/tivi/x90h-series,LED,4K,Android TV,Các vùng đèn LED sáng hoặc tối một cách độc lập cho chi tiết vùng sáng và tối chân thực&&&Độ trung thực tuyệt vời nhờ Bộ xử lý 4K HDR X1™&&&Nâng cấp bất kỳ nội dung nào đạt gần đến chất lượng 4K bằng 4K X-Reality™ PRO&&&Âm thanh ăn khớp với hình ảnh mang đến trải nghiệm xem đắm chìm,https://www.sony.com.vn/image/ce286c6f75885a1fd8ba42eed8368596?fmt=pjpeg&amp;wid=660&amp;hei=660&amp;bgcolor=F1F5F9&amp;bgc=F1F5F9&&&https://www.sony.com.vn/image/ce286c6f75885a1fd8ba42eed8368596?fmt=pjpeg&amp;wid=660&amp;hei=660&amp;bgcolor=F1F5F9&amp;bgc=F1F5F9&&&https://www.sony.com.vn/image/ce286c6f75885a1fd8ba42eed8368596?fmt=pjpeg&amp;wid=660&amp;hei=660&amp;bgcolor=F1F5F9&amp;bgc=F1F5F9,55” (139 cm)&&&65” (164 cm)&&&75” (189 cm)&&&85” (215 cm),20900000&&&26900000&&&36900000&&&59900000,20900000&&&26900000&&&36900000&&&59900000,20&&&20&&&20&&&20
1X85J / X86J | 4K Ultra HD | Dải tần nhạy sáng cao (HDR) | Smart TV (Google TV),https://www.sony.com.vn/electronics/tivi/x85j-series,LED,4K,Google TV,Độ trung thực tuyệt vời nhờ Bộ xử lý 4K HDR X1™&&&Nâng cấp bất kỳ nội dung nào đạt gần đến chất lượng 4K bằng 4K X-Reality™ PRO&&&Thưởng thức nội dung dành riêng cho bạn và chương trình giải trí mới với Google TV™,https://www.sony.com.vn/image/4dfd9ca48ba82b26b620b9049c099665?fmt=pjpeg&amp;wid=660&amp;hei=660&amp;bgcolor=F1F5F9&amp;bgc=F1F5F9&&&https://www.sony.com.vn/image/4dfd9ca48ba82b26b620b9049c099665?fmt=pjpeg&amp;wid=660&amp;hei=660&amp;bgcolor=F1F5F9&amp;bgc=F1F5F9&&&https://www.sony.com.vn/image/4dfd9ca48ba82b26b620b9049c099665?fmt=pjpeg&amp;wid=660&amp;hei=660&amp;bgcolor=F1F5F9&amp;bgc=F1F5F9,43” (108 cm)&&&50” (126 cm)&&&55” (139 cm)&&&65” (164 cm)&&&75” (189 cm)&&&85” (215 cm),18900000&&&21900000&&&24900000&&&31900000&&&49900000&&&69900000,18900000&&&21900000&&&24900000&&&31900000&&&49900000&&&69900000,20&&&20&&&20&&&20&&&20&&&20
1X8050H | 4K Ultra HD | Dải tần nhạy sáng cao (HDR) | Smart TV (TV Android),https://www.sony.com.vn/electronics/tivi/x8050h-series,LED,4K,Android TV,Độ trung thực tuyệt vời nhờ Bộ xử lý 4K HDR X1™&&&Nâng cấp bất kỳ nội dung nào lên chất lượng 4K bằng 4K X-Reality™ PRO&&&Trải nghiệm không gian rung cảm của rạp chiếu phim với Dolby Vision và Dolby Atmos,https://www.sony.com.vn/image/0b8585e4d391720ae310dda542f3547d?fmt=pjpeg&amp;wid=660&amp;hei=660&amp;bgcolor=F1F5F9&amp;bgc=F1F5F9&&&https://www.sony.com.vn/image/0b8585e4d391720ae310dda542f3547d?fmt=pjpeg&amp;wid=660&amp;hei=660&amp;bgcolor=F1F5F9&amp;bgc=F1F5F9&&&https://www.sony.com.vn/image/0b8585e4d391720ae310dda542f3547d?fmt=pjpeg&amp;wid=660&amp;hei=660&amp;bgcolor=F1F5F9&amp;bgc=F1F5F9,43” (108 cm)&&&49” (123 cm)&&&55” (139 cm)&&&65” (164 cm)&&&75” (189 cm),13900000&&&16400000&&&18400000&&&24200000&&&31900000,13900000&&&16400000&&&18400000&&&24200000&&&31900000,20&&&20&&&20&&&20&&&20
1X85H | 4K Ultra HD | Dải tần nhạy sáng cao (HDR) | Smart TV (TV Android),https://www.sony.com.vn/electronics/tivi/x85h-series,LED,4K,Android TV,Độ trung thực tuyệt vời nhờ Bộ xử lý 4K HDR X1™&&&Nâng cấp bất kỳ nội dung nào đạt gần đến chất lượng 4K bằng 4K X-Reality™ PRO&&&Trải nghiệm không gian rung cảm của rạp chiếu phim với Dolby Vision và Dolby Atmos,https://www.sony.com.vn/image/d79514a88ad8a1b185cbbe828384352c?fmt=pjpeg&amp;wid=660&amp;hei=660&amp;bgcolor=F1F5F9&amp;bgc=F1F5F9&&&https://www.sony.com.vn/image/d79514a88ad8a1b185cbbe828384352c?fmt=pjpeg&amp;wid=660&amp;hei=660&amp;bgcolor=F1F5F9&amp;bgc=F1F5F9&&&https://www.sony.com.vn/image/d79514a88ad8a1b185cbbe828384352c?fmt=pjpeg&amp;wid=660&amp;hei=660&amp;bgcolor=F1F5F9&amp;bgc=F1F5F9,43” (108 cm)&&&49” (123 cm),14900000&&&18900000,14900000&&&18900000,20&&&20
1X85G | LED | 4K Ultra HD | HDR | Smart TV (TV Android),https://www.sony.com.vn/electronics/tivi/x8500g-x8507g-x8577g-series,LED,4K,Android TV,Hình ảnh 4K tuyệt vời với Bộ xử lý 4K HDR Processor X1™&&&Acoustic Multi-Audio™ cho trải nghiệm xem bao trùm&&&Tìm chương trình giải trí bằng giọng nói với Android TV™,https://www.sony.com.vn/image/916e1ca5c3b64c3947acae853da7ad07?fmt=pjpeg&amp;wid=660&amp;hei=660&amp;bgcolor=F1F5F9&amp;bgc=F1F5F9&&&https://www.sony.com.vn/image/916e1ca5c3b64c3947acae853da7ad07?fmt=pjpeg&amp;wid=660&amp;hei=660&amp;bgcolor=F1F5F9&amp;bgc=F1F5F9&&&https://www.sony.com.vn/image/916e1ca5c3b64c3947acae853da7ad07?fmt=pjpeg&amp;wid=660&amp;hei=660&amp;bgcolor=F1F5F9&amp;bgc=F1F5F9,43” (108 cm)&&&49” (123 cm)&&&55” (139 cm)&&&65” (164 cm)&&&75” (189 cm),13400000&&&16400000&&&17900000&&&26400000&&&35900000,13400000&&&16400000&&&17900000&&&26400000&&&35900000,20&&&20&&&20&&&20&&&20
1X80J | 4K Ultra HD | Dải tần nhạy sáng cao (HDR) | Smart TV (Google TV),https://www.sony.com.vn/electronics/tivi/x80j-series,LED,4K,Google TV,Độ trung thực tuyệt vời nhờ Bộ xử lý 4K HDR X1™&&&Nâng cấp bất kỳ nội dung nào đạt gần đến chất lượng 4K bằng 4K X-Reality™ PRO&&&Thưởng thức nội dung dành riêng cho bạn và chương trình giải trí mới với Google TV™,https://www.sony.com.vn/image/d4f672c8c1b08401c3fb67cce747b7db?fmt=pjpeg&amp;wid=660&amp;hei=660&amp;bgcolor=F1F5F9&amp;bgc=F1F5F9&&&https://www.sony.com.vn/image/d4f672c8c1b08401c3fb67cce747b7db?fmt=pjpeg&amp;wid=660&amp;hei=660&amp;bgcolor=F1F5F9&amp;bgc=F1F5F9&&&https://www.sony.com.vn/image/d4f672c8c1b08401c3fb67cce747b7db?fmt=pjpeg&amp;wid=660&amp;hei=660&amp;bgcolor=F1F5F9&amp;bgc=F1F5F9,43” (108 cm)&&&50” (126 cm)&&&55” (139 cm)&&&65” (164 cm)&&&75” (189 cm),16400000&&&19400000&&&21900000&&&27900000&&&39900000,16400000&&&19400000&&&21900000&&&27900000&&&39900000,20&&&20&&&20&&&20&&&20
1X80AJ | 4K Ultra HD | Dải tần nhạy sáng cao (HDR) | Smart TV (Google TV),https://www.sony.com.vn/electronics/tivi/x80aj-series,LED,4K,Google TV,Độ trung thực tuyệt vời nhờ Bộ xử lý 4K HDR X1™&&&Nâng cấp bất kỳ nội dung nào đạt gần đến chất lượng 4K bằng 4K X-Reality™ PRO&&&Thưởng thức nội dung dành riêng cho bạn và chương trình giải trí mới với Google TV™,https://www.sony.com.vn/image/4dfd9ca48ba82b26b620b9049c099665?fmt=pjpeg&amp;wid=660&amp;hei=660&amp;bgcolor=F1F5F9&amp;bgc=F1F5F9&&&https://www.sony.com.vn/image/4dfd9ca48ba82b26b620b9049c099665?fmt=pjpeg&amp;wid=660&amp;hei=660&amp;bgcolor=F1F5F9&amp;bgc=F1F5F9&&&https://www.sony.com.vn/image/4dfd9ca48ba82b26b620b9049c099665?fmt=pjpeg&amp;wid=660&amp;hei=660&amp;bgcolor=F1F5F9&amp;bgc=F1F5F9,55” (139 cm)&&&65” (164 cm),21900000&&&27900000,21900000&&&27900000,20&&&20
1X80H | 4K Ultra HD | Dải tần nhạy sáng cao (HDR) | Smart TV (TV Android),https://www.sony.com.vn/electronics/tivi/x80h-series,LED,4K,Android TV,Độ trung thực tuyệt vời nhờ Bộ xử lý 4K HDR X1™&&&Nâng cấp bất kỳ nội dung nào đạt gần đến chất lượng 4K bằng 4K X-Reality™ PRO&&&Trải nghiệm không gian rung cảm của rạp chiếu phim với Dolby vision và Dolby Atmos,https://www.sony.com.vn/image/7860395db486205652e719f797803ec0?fmt=pjpeg&amp;wid=660&amp;hei=660&amp;bgcolor=F1F5F9&amp;bgc=F1F5F9&&&https://www.sony.com.vn/image/7860395db486205652e719f797803ec0?fmt=pjpeg&amp;wid=660&amp;hei=660&amp;bgcolor=F1F5F9&amp;bgc=F1F5F9&&&https://www.sony.com.vn/image/7860395db486205652e719f797803ec0?fmt=pjpeg&amp;wid=660&amp;hei=660&amp;bgcolor=F1F5F9&amp;bgc=F1F5F9,43” (108 cm)&&&49” (123 cm)&&&55” (139 cm)&&&65” (164 cm)&&&75” (189 cm)&&&85” (215 cm),13400000&&&15900000&&&17900000&&&23400000&&&30900000&&&51900000,13400000&&&15900000&&&17900000&&&23400000&&&30900000&&&51900000,20&&&20&&&20&&&20&&&20&&&20
1X80G | LED | 4K Ultra HD | HDR | Smart TV (TV Android),https://www.sony.com.vn/electronics/tivi/x8000g-x8077g-series,LED,4K,Android TV,Tăng cường chi tiết hình ảnh 4K với 4K X-Reality™ PRO&&&Âm thanh tuyệt vời phù hợp với hình ảnh nhờ công nghệ ClearAudio+&&&Tìm chương trình giải trí bằng giọng nói với Android TV™,https://www.sony.com.vn/image/7a5f71c31eace4488a85d3156b897d87?fmt=pjpeg&amp;wid=660&amp;hei=660&amp;bgcolor=F1F5F9&amp;bgc=F1F5F9&&&https://www.sony.com.vn/image/7a5f71c31eace4488a85d3156b897d87?fmt=pjpeg&amp;wid=660&amp;hei=660&amp;bgcolor=F1F5F9&amp;bgc=F1F5F9&&&https://www.sony.com.vn/image/7a5f71c31eace4488a85d3156b897d87?fmt=pjpeg&amp;wid=660&amp;hei=660&amp;bgcolor=F1F5F9&amp;bgc=F1F5F9,43” (108 cm)&&&49” (123 cm)&&&55” (139 cm)&&&65” (164 cm)&&&75” (189 cm),9900000&&&12600000&&&15900000&&&21400000&&&30900000,9900000&&&12600000&&&15900000&&&21400000&&&30900000,20&&&20&&&20&&&20&&&20
1X75 | 4K Ultra HD | Dải tần nhạy sáng cao (HDR) | Smart TV (TV Android),https://www.sony.com.vn/electronics/tivi/x75-series,LED,4K,Android TV,Hình ảnh tuyệt đẹp với Bộ xử lý 4K X1™&&&Nâng cấp bất kỳ nội dung nào đạt gần đến chất lượng 4K bằng 4K X-Reality™ PRO&&&Tìm chương trình giải trí bằng giọng nói với Android TV™,https://www.sony.com.vn/image/d87192de6310f706f034bf33847fd8ab?fmt=pjpeg&amp;wid=660&amp;hei=660&amp;bgcolor=F1F5F9&amp;bgc=F1F5F9&&&https://www.sony.com.vn/image/d87192de6310f706f034bf33847fd8ab?fmt=pjpeg&amp;wid=660&amp;hei=660&amp;bgcolor=F1F5F9&amp;bgc=F1F5F9&&&https://www.sony.com.vn/image/d87192de6310f706f034bf33847fd8ab?fmt=pjpeg&amp;wid=660&amp;hei=660&amp;bgcolor=F1F5F9&amp;bgc=F1F5F9,43” (108 cm)&&&50” (126 cm),13900000&&&16400000,13900000&&&16400000,20&&&20
1X75A | 4K Ultra HD | Dải tần nhạy sáng cao (HDR) | Smart TV (TV Android),https://www.sony.com.vn/electronics/tivi/x74-x75a-series,LED,4K,Android TV,Hình ảnh tuyệt đẹp với Bộ xử lý 4K X1™&&&Nâng cấp bất kỳ nội dung nào đạt gần đến chất lượng 4K bằng 4K X-Reality™ PRO&&&Tìm chương trình giải trí bằng giọng nói với Android TV™,https://www.sony.com.vn/image/3c64c516ffdbd96ed39b83bd663596cd?fmt=pjpeg&amp;wid=660&amp;hei=660&amp;bgcolor=F1F5F9&amp;bgc=F1F5F9&&&https://www.sony.com.vn/image/3c64c516ffdbd96ed39b83bd663596cd?fmt=pjpeg&amp;wid=660&amp;hei=660&amp;bgcolor=F1F5F9&amp;bgc=F1F5F9&&&https://www.sony.com.vn/image/3c64c516ffdbd96ed39b83bd663596cd?fmt=pjpeg&amp;wid=660&amp;hei=660&amp;bgcolor=F1F5F9&amp;bgc=F1F5F9,43” (108 cm)&&&50” (126 cm),13900000&&&16400000,13900000&&&16400000,20&&&20
1X70G | LED | 4K Ultra HD | HDR | Smart TV,https://www.sony.com.vn/electronics/tivi/x7000g-x7007g-x7077g-series,LED,4K,Smart TV,Tăng cường chi tiết hình ảnh 4K với 4K X-Reality™ PRO&&&Âm thanh tuyệt vời phù hợp với hình ảnh nhờ công nghệ ClearAudio+&&&Truy cập YouTube và nhiều dịch vụ khác với Wi-Fi tích hợp,https://www.sony.com.vn/image/969b68cc1af4ace6a9a7530233bda21e?fmt=pjpeg&amp;wid=660&amp;hei=660&amp;bgcolor=F1F5F9&amp;bgc=F1F5F9&&&https://www.sony.com.vn/image/969b68cc1af4ace6a9a7530233bda21e?fmt=pjpeg&amp;wid=660&amp;hei=660&amp;bgcolor=F1F5F9&amp;bgc=F1F5F9&&&https://www.sony.com.vn/image/969b68cc1af4ace6a9a7530233bda21e?fmt=pjpeg&amp;wid=660&amp;hei=660&amp;bgcolor=F1F5F9&amp;bgc=F1F5F9,43” (108 cm)&&&49” (123 cm)&&&55” (139 cm)&&&65” (164 cm),9600000&&&11400000&&&12900000&&&18900000,9600000&&&11400000&&&12900000&&&18900000,20&&&20&&&20&&&20
1X90F | LED nền (Full Array LED) | 4K Ultra HD | HDR | Smart TV (TV Android),https://www.sony.com.vn/electronics/tivi/x9000f-series,LED,4K,Android TV,Bộ xử lý 4K HDR X1 Extreme cho độ chân thực tối ưu&&&Độ tương phản tuyệt vời với X-tended Dynamic Range PRO&&&Những pha hành động nhanh luôn mượt mà và rõ nét với X-Motion Clarity&&&Tìm chương trình giải trí bằng giọng nói với Android TV™,https://www.sony.com.vn/image/d974fdb6e6886298ee5fc07584c93a47?fmt=pjpeg&amp;wid=660&amp;hei=660&amp;bgcolor=F1F5F9&amp;bgc=F1F5F9&&&https://www.sony.com.vn/image/d974fdb6e6886298ee5fc07584c93a47?fmt=pjpeg&amp;wid=660&amp;hei=660&amp;bgcolor=F1F5F9&amp;bgc=F1F5F9&&&https://www.sony.com.vn/image/d974fdb6e6886298ee5fc07584c93a47?fmt=pjpeg&amp;wid=660&amp;hei=660&amp;bgcolor=F1F5F9&amp;bgc=F1F5F9,49” (123 cm),16900000,16900000,20
1X85F | LED | 4K Ultra HD | HDR | Smart TV (TV Android),https://www.sony.com.vn/electronics/tivi/x8500f-series,LED,4K,Android TV,Độ trung thực tuyệt vời nhờ Bộ xử lý 4K HDR X1&&&Tăng cường độ chi tiết của chuẩn 4K với 4K X-reality PRO&&&Màn hình TRILUMINOS với dải màu sắc rộng,https://www.sony.com.vn/image/13694b0ddd3881e81ee7ca9611d90667?fmt=pjpeg&amp;wid=660&amp;hei=660&amp;bgcolor=F1F5F9&amp;bgc=F1F5F9&&&https://www.sony.com.vn/image/13694b0ddd3881e81ee7ca9611d90667?fmt=pjpeg&amp;wid=660&amp;hei=660&amp;bgcolor=F1F5F9&amp;bgc=F1F5F9&&&https://www.sony.com.vn/image/13694b0ddd3881e81ee7ca9611d90667?fmt=pjpeg&amp;wid=660&amp;hei=660&amp;bgcolor=F1F5F9&amp;bgc=F1F5F9,43” (108 cm)&&&55” (139 cm)&&&65” (164 cm),13400000&&&23300000&&&38600000,13400000&&&23300000&&&38600000,20&&&20&&&20
1X83F | LED | 4K Ultra HD | HDR | Smart TV (TV Android),https://www.sony.com.vn/electronics/tivi/x8300f-series,LED,4K,Android TV,Độ trung thực tuyệt vời nhờ Bộ xử lý 4K HDR X1™&&&Tăng cường chi tiết hình ảnh 4K với 4K X-Reality™ PRO&&&Dải màu sắc rộng với công nghệ TRILUMINOS™ Display,https://www.sony.com.vn/image/01b495653bff0a0476302affff4ef731?fmt=pjpeg&amp;wid=660&amp;hei=660&amp;bgcolor=F1F5F9&amp;bgc=F1F5F9&&&https://www.sony.com.vn/image/01b495653bff0a0476302affff4ef731?fmt=pjpeg&amp;wid=660&amp;hei=660&amp;bgcolor=F1F5F9&amp;bgc=F1F5F9&&&https://www.sony.com.vn/image/01b495653bff0a0476302affff4ef731?fmt=pjpeg&amp;wid=660&amp;hei=660&amp;bgcolor=F1F5F9&amp;bgc=F1F5F9,60” (152 cm),32300000,32300000,20
1X75H | 4K Ultra HD | Dải tần nhạy sáng cao (HDR) | Smart TV (TV Android),https://www.sony.com.vn/electronics/tivi/x75h-series,LED,4K,Android TV,Hình ảnh tuyệt đẹp với Bộ xử lý 4K X1™&&&Nâng cấp bất kỳ nội dung nào lên chất lượng 4K bằng 4K X-Reality™ PRO&&&Màn hình TRILUMINOS với dải màu sắc rộng,https://www.sony.com.vn/image/b0fdbd2af51a5b99deb7ff2a82dc36de?fmt=pjpeg&amp;wid=660&amp;hei=660&amp;bgcolor=F1F5F9&amp;bgc=F1F5F9&&&https://www.sony.com.vn/image/b0fdbd2af51a5b99deb7ff2a82dc36de?fmt=pjpeg&amp;wid=660&amp;hei=660&amp;bgcolor=F1F5F9&amp;bgc=F1F5F9&&&https://www.sony.com.vn/image/b0fdbd2af51a5b99deb7ff2a82dc36de?fmt=pjpeg&amp;wid=660&amp;hei=660&amp;bgcolor=F1F5F9&amp;bgc=F1F5F9,43” (108 cm)&&&49” (123 cm)&&&55” (139 cm)&&&65” (164 cm),11900000&&&13700000&&&17400000&&&21900000,11900000&&&13700000&&&17400000&&&21900000,20&&&20&&&20&&&20
1X74H | 4K Ultra HD | Dải tần nhạy sáng cao (HDR) | Smart TV (TV Android),https://www.sony.com.vn/electronics/tivi/x74h-series,LED,4K,Android TV,Hình ảnh tuyệt đẹp với Bộ xử lý 4K X1™&&&Nâng cấp bất kỳ nội dung nào lên chất lượng 4K bằng 4K X-Reality™ PRO&&&Màn hình TRILUMINOS với dải màu sắc rộng,https://www.sony.com.vn/image/d553a22107969f70107c7c417f979a7d?fmt=pjpeg&amp;wid=660&amp;hei=660&amp;bgcolor=F1F5F9&amp;bgc=F1F5F9&&&https://www.sony.com.vn/image/d553a22107969f70107c7c417f979a7d?fmt=pjpeg&amp;wid=660&amp;hei=660&amp;bgcolor=F1F5F9&amp;bgc=F1F5F9&&&https://www.sony.com.vn/image/d553a22107969f70107c7c417f979a7d?fmt=pjpeg&amp;wid=660&amp;hei=660&amp;bgcolor=F1F5F9&amp;bgc=F1F5F9,43” (108 cm)&&&49” (123 cm)&&&55” (139 cm),11400000&&&13200000&&&15400000,11400000&&&13200000&&&15400000,20&&&20&&&20
1X75F | LED | 4K Ultra HD | HDR | Smart TV (TV Android),https://www.sony.com.vn/electronics/tivi/x7500f-series,LED,4K,Android TV,Hãy khám phá mọi chi tiết với 4K HDR&&&Tăng cường chi tiết hình ảnh 4K với 4K X-Reality™ PRO&&&Tìm chương trình giải trí bằng giọng nói với Android TV™,https://www.sony.com.vn/image/88cea9de40220b1104e45cce4834ea04?fmt=pjpeg&amp;wid=660&amp;hei=660&amp;bgcolor=F1F5F9&amp;bgc=F1F5F9&&&https://www.sony.com.vn/image/88cea9de40220b1104e45cce4834ea04?fmt=pjpeg&amp;wid=660&amp;hei=660&amp;bgcolor=F1F5F9&amp;bgc=F1F5F9&&&https://www.sony.com.vn/image/88cea9de40220b1104e45cce4834ea04?fmt=pjpeg&amp;wid=660&amp;hei=660&amp;bgcolor=F1F5F9&amp;bgc=F1F5F9,43” (108 cm)&&&55” (139 cm),11100000&&&18900000,11100000&&&18900000,20&&&20
1X70F | LED | 4K Ultra HD | HDR | Smart TV,https://www.sony.com.vn/electronics/tivi/x7000f-series,LED,4K,Smart TV,Hãy khám phá mọi chi tiết với 4K HDR&&&Tăng cường chi tiết hình ảnh 4K với 4K X-Reality™ PRO&&&Truy cập YouTube và nhiều dịch vụ khác với Wi-Fi tích hợp,https://www.sony.com.vn/image/7ac1d36b8cf1686e98ef46d06e6c557e?fmt=pjpeg&amp;wid=660&amp;hei=660&amp;bgcolor=F1F5F9&amp;bgc=F1F5F9&&&https://www.sony.com.vn/image/7ac1d36b8cf1686e98ef46d06e6c557e?fmt=pjpeg&amp;wid=660&amp;hei=660&amp;bgcolor=F1F5F9&amp;bgc=F1F5F9&&&https://www.sony.com.vn/image/7ac1d36b8cf1686e98ef46d06e6c557e?fmt=pjpeg&amp;wid=660&amp;hei=660&amp;bgcolor=F1F5F9&amp;bgc=F1F5F9,43” (108 cm)&&&49” (123 cm),10900000&&&14400000,10900000&&&14400000,20&&&20
1W80G | LED | Full HD | HDR | Smart TV (TV Android),https://www.sony.com.vn/electronics/tivi/w800g-w802g-series,LED,Full HD,Android TV,Full HD cho trải nghiệm độ nét cao tuyệt vời nhất&&&X-Reality™ PRO cho chất lượng HD tốt hơn&&&Truy cập YouTube và nhiều dịch vụ khác với Wi-Fi tích hợp,https://www.sony.com.vn/image/aa7c42f6c52b7b76d9f9fd5698a84fa4?fmt=pjpeg&amp;wid=330&amp;hei=330&amp;bgcolor=F1F5F9&amp;bgc=F1F5F9&&&https://www.sony.com.vn/image/aa7c42f6c52b7b76d9f9fd5698a84fa4?fmt=pjpeg&amp;wid=330&amp;hei=330&amp;bgcolor=F1F5F9&amp;bgc=F1F5F9&&&https://www.sony.com.vn/image/aa7c42f6c52b7b76d9f9fd5698a84fa4?fmt=pjpeg&amp;wid=330&amp;hei=330&amp;bgcolor=F1F5F9&amp;bgc=F1F5F9,43” (108 cm)&&&49” (123 cm),10400000&&&11400000,10400000&&&11400000,20&&&20
1W66G | LED | Full HD | HDR | Smart TV,https://www.sony.com.vn/electronics/tivi/w660g-series,LED,Full HD,Smart TV,Full HD cho trải nghiệm độ nét cao tuyệt vời nhất&&&X-Reality™ PRO cho chất lượng HD tốt hơn&&&Truy cập YouTube và nhiều dịch vụ khác với Wi-Fi tích hợp,https://www.sony.com.vn/image/13463223bd5ed0d2328185e89b027d87?fmt=pjpeg&amp;wid=330&amp;hei=330&amp;bgcolor=F1F5F9&amp;bgc=F1F5F9&&&https://www.sony.com.vn/image/13463223bd5ed0d2328185e89b027d87?fmt=pjpeg&amp;wid=330&amp;hei=330&amp;bgcolor=F1F5F9&amp;bgc=F1F5F9&&&https://www.sony.com.vn/image/13463223bd5ed0d2328185e89b027d87?fmt=pjpeg&amp;wid=330&amp;hei=330&amp;bgcolor=F1F5F9&amp;bgc=F1F5F9,43” (108 cm)&&&50” (126 cm),9400000&&&10600000,9400000&&&10600000,20&&&20
1W61G | LED | HD Ready | HDR | Smart TV,https://www.sony.com.vn/electronics/tivi/w610g-w617g-series,LED,Full HD,Smart TV,X-Reality™ PRO cho chất lượng HD tốt hơn&&&Âm thanh tuyệt vời phù hợp với hình ảnh nhờ công nghệ ClearAudio+&&&Truy cập YouTube và nhiều dịch vụ khác với Wi-Fi tích hợp,https://www.sony.com.vn/image/e015d1beeeb5a092213452cee9bb7268?fmt=pjpeg&amp;wid=330&amp;hei=330&amp;bgcolor=F1F5F9&amp;bgc=F1F5F9&&&https://www.sony.com.vn/image/e015d1beeeb5a092213452cee9bb7268?fmt=pjpeg&amp;wid=330&amp;hei=330&amp;bgcolor=F1F5F9&amp;bgc=F1F5F9&&&https://www.sony.com.vn/image/e015d1beeeb5a092213452cee9bb7268?fmt=pjpeg&amp;wid=330&amp;hei=330&amp;bgcolor=F1F5F9&amp;bgc=F1F5F9,32” (80 cm),6990000,6990000,20
1W80F| LED | Full HD | HDR | Smart TV (TV Android),https://www.sony.com.vn/electronics/tivi/w800f-series,LED,Full HD,Android TV,Full HD cho trải nghiệm độ nét cao tuyệt vời nhất&&&X-Reality PRO cho chất lượng HD tốt hơn&&&Tìm chương trình giải trí bằng giọng nói với Android TV™,https://www.sony.com.vn/image/23b090be2b2ac87c3b495afc2f531928?fmt=pjpeg&amp;wid=660&amp;hei=660&amp;bgcolor=F1F5F9&amp;bgc=F1F5F9&&&https://www.sony.com.vn/image/23b090be2b2ac87c3b495afc2f531928?fmt=pjpeg&amp;wid=660&amp;hei=660&amp;bgcolor=F1F5F9&amp;bgc=F1F5F9&&&https://www.sony.com.vn/image/23b090be2b2ac87c3b495afc2f531928?fmt=pjpeg&amp;wid=660&amp;hei=660&amp;bgcolor=F1F5F9&amp;bgc=F1F5F9,49” (123 cm),14400000,14400000,20
1W66F | LED | Full HD | HDR | Smart TV,https://www.sony.com.vn/electronics/tivi/w660f-series,LED,Full HD,Smart TV,Hỗ trợ video Dải tần nhạy sáng cao (HDR)&&&Full HD cho trải nghiệm độ nét cao tuyệt vời nhất&&&Truy cập YouTube và nhiều dịch vụ khác với Wi-Fi tích hợp,https://www.sony.com.vn/image/7330e6d37c178d8930475bcc68628ca3?fmt=pjpeg&amp;wid=660&amp;hei=660&amp;bgcolor=F1F5F9&amp;bgc=F1F5F9&&&https://www.sony.com.vn/image/7330e6d37c178d8930475bcc68628ca3?fmt=pjpeg&amp;wid=660&amp;hei=660&amp;bgcolor=F1F5F9&amp;bgc=F1F5F9&&&https://www.sony.com.vn/image/7330e6d37c178d8930475bcc68628ca3?fmt=pjpeg&amp;wid=660&amp;hei=660&amp;bgcolor=F1F5F9&amp;bgc=F1F5F9,43” (108 cm)&&&50” (126 cm),7400000&&&8900000,7400000&&&8900000,20&&&20
1W650D | LED | HD Ready/Full HD | Smart TV,https://www.sony.com.vn/electronics/tivi/w650d-series,LED,Full HD,Smart TV,"X-Reality PRO cho chất lượng HD tốt hơn&&&Truy cập YouTube và nhiều dịch vụ khác với Wi-Fi tích hợp&&&Thiết kế thanh mảnh, phù hợp với phòng khách",https://www.sony.com.vn/image/7330e6d37c178d8930475bcc68628ca3?fmt=pjpeg&amp;wid=660&amp;hei=660&amp;bgcolor=F1F5F9&amp;bgc=F1F5F9&&&https://www.sony.com.vn/image/7330e6d37c178d8930475bcc68628ca3?fmt=pjpeg&amp;wid=660&amp;hei=660&amp;bgcolor=F1F5F9&amp;bgc=F1F5F9&&&https://www.sony.com.vn/image/7330e6d37c178d8930475bcc68628ca3?fmt=pjpeg&amp;wid=660&amp;hei=660&amp;bgcolor=F1F5F9&amp;bgc=F1F5F9,40” (102 cm)&&&48” (121 cm),6990000&&&8100000,6990000&&&8100000,20&&&20
1W60D | LED | HD Ready/Full HD | Smart TV,https://www.sony.com.vn/electronics/tivi/w600d-series,LED,Full HD,Smart TV,"X-Reality PRO cho chất lượng HD tốt hơn&&&Truy cập YouTube và nhiều dịch vụ khác với Wi-Fi tích hợp&&&Thiết kế thanh mảnh, phù hợp với phòng khách",https://www.sony.com.vn/image/3c97d9b99fa516fa7a415c09888cbbe8?fmt=pjpeg&amp;wid=660&amp;hei=660&amp;bgcolor=F1F5F9&amp;bgc=F1F5F9&&&https://www.sony.com.vn/image/3c97d9b99fa516fa7a415c09888cbbe8?fmt=pjpeg&amp;wid=660&amp;hei=660&amp;bgcolor=F1F5F9&amp;bgc=F1F5F9&&&https://www.sony.com.vn/image/3c97d9b99fa516fa7a415c09888cbbe8?fmt=pjpeg&amp;wid=660&amp;hei=660&amp;bgcolor=F1F5F9&amp;bgc=F1F5F9,32” (80 cm),6590000,6590000,20
